{
    "acc": {
        "test": 0.3611111111111111
    },
    "recall": {
        "test": 0.3611111111111111
    },
    "precision": {
        "test": 0.5301453980801807
    },
    "f1": {
        "test": 0.3620424760314068
    }
}
