{
    "acc": {
        "test": 0.25277777777777777
    },
    "recall": {
        "test": 0.25277777777777777
    },
    "precision": {
        "test": 0.1856562680292498
    },
    "f1": {
        "test": 0.20819137619949896
    }
}
