{
    "acc": {
        "test": 0.3055555555555556
    },
    "recall": {
        "test": 0.3055555555555556
    },
    "precision": {
        "test": 0.2656146953684162
    },
    "f1": {
        "test": 0.26983827323607973
    }
}
